﻿<?xml version="1.0" encoding="utf-8" ?>
<Defs>
  
  <ThingDef ParentName="BuildingBase">
    <defName>CoalCrematorium</defName>
    <label>coal crematorium</label>
    <description>A huge stone crematorium which vaporizes corpses with extremely high temperatures. Burns coal and charcoal.</description>
    <thingClass>Building_WorkTable_HeatPush</thingClass>
    <graphicData>
      <texPath>CoalCrematorium/Crematorium</texPath>
      <graphicClass>Graphic_Multi</graphicClass>
      <shaderType>CutoutComplex</shaderType>
      <drawSize>(3,2)</drawSize>
      <shadowData>
        <volume>(1.95,0.5,1.3)</volume>
      </shadowData>
      <damageData>
        <rect>(0.3,0.1,2.4,1.8)</rect>
      </damageData>
    </graphicData>
    <stuffCategories>
      <li>Stony</li>
    </stuffCategories>
    <costStuffCount>150</costStuffCount>
    <costList>
      <Steel>40</Steel>
    </costList>
    <tickerType>Normal</tickerType>
    <altitudeLayer>Building</altitudeLayer>
    <useHitPoints>True</useHitPoints>
    <statBases>
      <WorkToBuild>4500</WorkToBuild>
      <MaxHitPoints>300</MaxHitPoints>
      <Cleanliness>-20</Cleanliness>
      <Beauty>-10</Beauty>
    </statBases>
    <size>(3,2)</size>
    <designationCategory>Production</designationCategory>
    <fillPercent>1</fillPercent>
    <passability>Impassable</passability>
    <hasInteractionCell>True</hasInteractionCell>
    <interactionCellOffset>(0,0,-1)</interactionCellOffset>
    <interactionCellIcon>DiningChair</interactionCellIcon>
    <surfaceType>Item</surfaceType>
    <canOverlapZones>false</canOverlapZones>
    <terrainAffordanceNeeded>Heavy</terrainAffordanceNeeded>
    <constructionSkillPrerequisite>4</constructionSkillPrerequisite>
    <recipes>
      <li>CremateCorpse</li>
      <li>BurnApparel</li>
      <li>BurnDrugs</li>
    </recipes>
    <inspectorTabs>
      <li>ITab_Bills</li>
    </inspectorTabs>
    <comps>
      <li Class="CompProperties_Refuelable">
        <fuelCapacity>100</fuelCapacity>
        <fuelConsumptionRate>3.0</fuelConsumptionRate>
        <fuelFilter>
          <thingDefs>
            <li>Coal</li>
            <li>Charcoal</li>
          </thingDefs>
        </fuelFilter>
        <consumeFuelOnlyWhenUsed>true</consumeFuelOnlyWhenUsed>
        <initialFuelPercent>0</initialFuelPercent>
        <autoRefuelPercent>0.33</autoRefuelPercent>
        <showAllowAutoRefuelToggle>true</showAllowAutoRefuelToggle>
      </li>
      <li Class="CompProperties_Glower">
        <glowRadius>6</glowRadius>
        <glowColor>(255,202,33,0)</glowColor>
      </li>
      <li Class="CompProperties_HeatPusher">
        <compClass>CompHeatPusherPowered</compClass>
        <heatPerSecond>12</heatPerSecond>
      </li>
    </comps>
    <building>
      <spawnedConceptLearnOpportunity>BillsTab</spawnedConceptLearnOpportunity>
      <heatPerTickWhileWorking>0.32</heatPerTickWhileWorking>
    </building>
    <researchPrerequisites>
      <li>Research_NECCoalProduction</li>
    </researchPrerequisites>
    <placeWorkers>
      <li>PlaceWorker_ReportWorkSpeedPenalties</li>
      <li>PlaceWorker_PreventInteractionSpotOverlap</li>
    </placeWorkers>
  </ThingDef>
  
  <ThingDef ParentName="BenchBase">
    <defName>CoalSmelter</defName>
    <label>coal smelter</label>
    <description>Extracts usable metal from slag chunks and other mixed metal items. Consumes coal.</description>
    <thingClass>Building_WorkTable_HeatPush</thingClass>
    <graphicData>
      <texPath>CoalSmelter/CoalSmelter</texPath>
      <graphicClass>Graphic_Multi</graphicClass>
      <drawSize>(3.5,1.5)</drawSize>
      <damageData>
        <cornerTL>Damage/Corner</cornerTL>
        <cornerTR>Damage/Corner</cornerTR>
        <cornerBL>Damage/Corner</cornerBL>
        <cornerBR>Damage/Corner</cornerBR>
      </damageData>
    </graphicData>
    <castEdgeShadows>true</castEdgeShadows>
    <staticSunShadowHeight>0.20</staticSunShadowHeight>
    <constructEffect>ConstructMetal</constructEffect>
    <costList>
      <Steel>200</Steel>
      <ComponentIndustrial>1</ComponentIndustrial>
    </costList>
    <tickerType>Normal</tickerType>
    <altitudeLayer>Building</altitudeLayer>
    <fillPercent>0.5</fillPercent>
    <useHitPoints>True</useHitPoints>
    <statBases>
      <WorkToBuild>4000</WorkToBuild>
      <MaxHitPoints>200</MaxHitPoints>
      <Flammability>1.0</Flammability>
    </statBases>
    <size>(3,1)</size>
    <designationCategory>Production</designationCategory>
    <passability>PassThroughOnly</passability>
    <pathCost>70</pathCost>
    <hasInteractionCell>True</hasInteractionCell>
    <interactionCellOffset>(0,0,-1)</interactionCellOffset>
    <surfaceType>Item</surfaceType>
    <terrainAffordanceNeeded>Heavy</terrainAffordanceNeeded>
    <constructionSkillPrerequisite>4</constructionSkillPrerequisite>
    <recipes>
      <li>ExtractMetalFromSlag</li>
      <li>Make_CharcoalFromWood</li>
      <li>Make_CoalFromStone</li>
      <li>SmeltWeapon</li>
      <li>DestroyWeapon</li>
    </recipes>
    <inspectorTabs>
      <li>ITab_Bills</li>
    </inspectorTabs>
    <comps>
      <li Class="CompProperties_Refuelable">
        <fuelCapacity>200</fuelCapacity>
        <fuelConsumptionRate>5</fuelConsumptionRate>
        <fuelFilter>
          <thingDefs>
            <li>Coal</li>
            <li>Charcoal</li>
          </thingDefs>
        </fuelFilter>
        <consumeFuelOnlyWhenUsed>true</consumeFuelOnlyWhenUsed>
        <initialFuelPercent>0</initialFuelPercent>
        <autoRefuelPercent>0.33</autoRefuelPercent>
        <showAllowAutoRefuelToggle>true</showAllowAutoRefuelToggle>
      </li>
      <li Class="CompProperties_Glower">
        <glowRadius>6</glowRadius>
        <glowColor>(255,202,33,0)</glowColor>
      </li>
      <li Class="CompProperties_HeatPusher">
        <compClass>CompHeatPusherPowered</compClass>
        <heatPerSecond>12</heatPerSecond>
      </li>
    </comps>
    <building>
      <spawnedConceptLearnOpportunity>BillsTab</spawnedConceptLearnOpportunity>
      <heatPerTickWhileWorking>0.30</heatPerTickWhileWorking>
    </building>
    <researchPrerequisites>
      <li>Research_NECCoalProduction</li>
    </researchPrerequisites>
    <placeWorkers>
      <li>PlaceWorker_ReportWorkSpeedPenalties</li>
      <li>PlaceWorker_PreventInteractionSpotOverlap</li>
    </placeWorkers>
  </ThingDef>
  
  <ThingDef ParentName="BenchBase">
    <defName>CoalGrill</defName>
    <label>coal grill</label>
    <description>A coal-fueled grill with an attached countertop for preparing meals.</description>
    <thingClass>Building_WorkTable_HeatPush</thingClass>
    <graphicData>
      <texPath>CoalGrill/CoalGrill</texPath>
      <graphicClass>Graphic_Multi</graphicClass>
      <drawSize>(3.5,1.5)</drawSize>
      <damageData>
        <cornerTL>Damage/Corner</cornerTL>
        <cornerTR>Damage/Corner</cornerTR>
        <cornerBL>Damage/Corner</cornerBL>
        <cornerBR>Damage/Corner</cornerBR>
      </damageData>
    </graphicData>
    <canOverlapZones>false</canOverlapZones>
    <minifiedDef>MinifiedThing</minifiedDef>
    <terrainAffordanceNeeded>Medium</terrainAffordanceNeeded>
    <interactionCellIcon>DiningChair</interactionCellIcon>
    <castEdgeShadows>true</castEdgeShadows>
    <staticSunShadowHeight>0.20</staticSunShadowHeight>
    <constructEffect>ConstructMetal</constructEffect>
    <costList>
      <Steel>75</Steel>
    </costList>
    <altitudeLayer>Building</altitudeLayer>
    <fillPercent>0.5</fillPercent>
    <useHitPoints>True</useHitPoints>
    <statBases>
      <WorkToBuild>1500</WorkToBuild>
      <MaxHitPoints>160</MaxHitPoints>
      <Flammability>1.0</Flammability>
      <Mass>20</Mass>
    </statBases>
    <size>(3,1)</size>
    <designationCategory>Production</designationCategory>
    <passability>PassThroughOnly</passability>
    <pathCost>70</pathCost>
    <hasInteractionCell>True</hasInteractionCell>
    <interactionCellOffset>(0,0,-1)</interactionCellOffset>
    <surfaceType>Item</surfaceType>
    <recipes>
      <li>CookMealSimple</li>
      <li>CookMealFine</li>
      <li>CookMealLavish</li>
      <li>CookMealSurvival</li>
      <li>CookMealSimpleBulk</li>
      <li>CookMealFineBulk</li>
      <li>CookMealLavishBulk</li>
      <li>CookMealSurvivalBulk</li>
      <li>Make_Pemmican</li>
    </recipes>
    <inspectorTabs>
      <li>ITab_Bills</li>
    </inspectorTabs>
    <comps>
      <li Class="CompProperties_Refuelable">
        <fuelCapacity>50</fuelCapacity>
        <fuelConsumptionRate>5</fuelConsumptionRate>
        <fuelFilter>
          <thingDefs>
            <li>Coal</li>
            <li>Charcoal</li>
          </thingDefs>
        </fuelFilter>
        <consumeFuelOnlyWhenUsed>true</consumeFuelOnlyWhenUsed>
        <initialFuelPercent>0</initialFuelPercent>
        <autoRefuelPercent>0.33</autoRefuelPercent>
        <showAllowAutoRefuelToggle>true</showAllowAutoRefuelToggle>
      </li>
      <li Class="CompProperties_HeatPusher">
        <compClass>CompHeatPusherPowered</compClass>
        <heatPerSecond>4</heatPerSecond>
      </li>
      <li>
        <compClass>CompReportWorkSpeed</compClass>
      </li>
    </comps>
    <building>
      <isMealSource>true</isMealSource>
      <spawnedConceptLearnOpportunity>BillsTab</spawnedConceptLearnOpportunity>
      <heatPerTickWhileWorking>0.15</heatPerTickWhileWorking>
    </building>
    <researchPrerequisites>
      <li>Research_NECCoalProduction</li>
    </researchPrerequisites>
    <placeWorkers>
      <li>PlaceWorker_PreventInteractionSpotOverlap</li>
    </placeWorkers>
  </ThingDef>


  <ThingDef ParentName="BuildingBase">
    <defName>NECCoalLamp</defName>
    <label>coal brazier</label>
    <description>A steel brazier powered by coal or charcoal. Isn't as bright as a torch, but lasts a lot longer. People need light to move and work at full speed. Can be automatically refueled with coal and charcoal. Produces a small amount of heat.</description>
    <category>Building</category>
    <graphicData>
      <texPath>CoalLamp</texPath>
      <graphicClass>Graphic_Single</graphicClass>
      <drawRotated>false</drawRotated>
      <drawSize>(1.4,1.4)</drawSize>
      <shadowData>
        <volume>(0.55, 0.35, 0.3)</volume>
        <offset>(0, 0, -0.28)</offset>
      </shadowData>
      <damageData>
        <rect>(0.2,0.3,0.6,0.6)</rect>
      </damageData>
    </graphicData>
    <uiIconPath>CoalLamp_MenuIcon</uiIconPath>
    <uiIconScale>1.25</uiIconScale>
    <rotatable>false</rotatable>
    <altitudeLayer>Building</altitudeLayer>
    <passability>PassThroughOnly</passability>
    <pathCost>8</pathCost>
    <tickerType>Normal</tickerType>
    <drawerType>RealtimeOnly</drawerType>
    <fillPercent>0.15</fillPercent>
    <statBases>
      <MaxHitPoints>50</MaxHitPoints>
      <WorkToBuild>240</WorkToBuild>
      <Flammability>0</Flammability>
      <Mass>15</Mass>
    </statBases>
    <selectable>true</selectable>
    <minifiedDef>MinifiedThing</minifiedDef>
    <thingCategories>
      <li>BuildingsFurniture</li>
    </thingCategories>
    <costList>
      <Steel>35</Steel>
    </costList>
    <soundImpactDefault>BulletImpact_Ground</soundImpactDefault>
    <leaveResourcesWhenKilled>true</leaveResourcesWhenKilled>
    <placeWorkers>
      <li>PlaceWorker_Heater</li>
    </placeWorkers>
    <drawPlaceWorkersWhileSelected>true</drawPlaceWorkersWhileSelected>
    <comps>
      <li Class="CompProperties_Refuelable">
        <fuelConsumptionRate>1</fuelConsumptionRate>
        <fuelCapacity>20</fuelCapacity>
        <fuelConsumptionPerTickInRain>0.0006</fuelConsumptionPerTickInRain>
        <fuelFilter>
          <thingDefs>
            <li>Coal</li>
            <li>Charcoal</li>
          </thingDefs>
        </fuelFilter>
        <initialFuelPercent>0</initialFuelPercent>
        <autoRefuelPercent>0.33</autoRefuelPercent>
        <showAllowAutoRefuelToggle>true</showAllowAutoRefuelToggle>
      </li>
      <li Class="CompProperties_Glower">
        <glowRadius>6</glowRadius>
        <glowColor>(252,187,113,0)</glowColor>
      </li>
      <li Class="CompProperties_HeatPusher">
        <compClass>CompHeatPusherPowered</compClass>
        <heatPerSecond>2</heatPerSecond>
        <heatPushMaxTemperature>18</heatPushMaxTemperature>
      </li>
      <li Class="CompProperties_FireOverlay">
        <fireSize>0.8</fireSize>
        <offset>(0,0,.4)</offset>
      </li>
    </comps>
    <designationCategory>Furniture</designationCategory>
  </ThingDef>

  <ThingDef ParentName="BuildingBase">
    <defName>NECActiveCooler</defName>
    <label>active cooler</label>
    <description>Heats up liquid in a vacuum, the resulting gas absorbs heat and creates ice. Cools the room enough to keep spoilables fresh, but not frozen. Requires coal or charcoal refueling.</description>
    <thingClass>Building_Cooler</thingClass>
    <graphicData>
      <texPath>ActiveCooler</texPath>
      <graphicClass>Graphic_Single</graphicClass>
      <drawRotated>false</drawRotated>
      <allowFlip>false</allowFlip>
      <shadowData>
        <volume>(0.9,0.3,0.9)</volume>
      </shadowData>
      <damageData>
        <rect>(0.2,0,0.6,0.1)</rect>
      </damageData>
    </graphicData>
    <rotatable>false</rotatable>
    <minifiedDef>MinifiedThing</minifiedDef>
    <thingCategories>
      <li>Buildings</li>
    </thingCategories>
    <altitudeLayer>Building</altitudeLayer>
    <passability>PassThroughOnly</passability>
    <pathCost>50</pathCost>
    <constructEffect>ConstructDirt</constructEffect>
    <tickerType>Normal</tickerType>
    <drawerType>RealtimeOnly</drawerType>
    <fillPercent>0.4</fillPercent>
    <statBases>
      <WorkToBuild>1600</WorkToBuild>
      <MaxHitPoints>100</MaxHitPoints>
      <Flammability>0.7</Flammability>
      <Mass>25</Mass>
    </statBases>
    <costList>
      <WoodLog>50</WoodLog>
      <Steel>15</Steel>
      <ComponentIndustrial>1</ComponentIndustrial>
    </costList>
    <placeWorkers>
      <li>PlaceWorker_CoolerSimple</li>
    </placeWorkers>
    <drawPlaceWorkersWhileSelected>true</drawPlaceWorkersWhileSelected>
    <comps>
      <li Class="CompProperties_HeatPusher">
        <compClass>CompHeatPusherPowered</compClass>
        <heatPerSecond>-21</heatPerSecond>
        <heatPushMinTemperature>2</heatPushMinTemperature>
      </li>
      <li Class="CompProperties_Refuelable">
        <fuelCapacity>40</fuelCapacity>
        <fuelConsumptionRate>3</fuelConsumptionRate>
        <fuelFilter>
          <thingDefs>
            <li>Coal</li>
            <li>Charcoal</li>
          </thingDefs>
        </fuelFilter>
        <initialFuelPercent>0</initialFuelPercent>
        <autoRefuelPercent>0.33</autoRefuelPercent>
        <showAllowAutoRefuelToggle>true</showAllowAutoRefuelToggle>
      </li>
      <li Class="CompProperties_Forbiddable"/>
    </comps>
    <designationCategory>Temperature</designationCategory>
    <researchPrerequisites>
      <li>PassiveCooler</li>
    </researchPrerequisites>
    <constructionSkillPrerequisite>5</constructionSkillPrerequisite>
  </ThingDef>

  <ThingDef ParentName="BuildingBase">
    <defName>CoalStove</defName>
    <label>coal stove</label>
    <description>Burn coal to produce heat. As with all heat sources, it must be placed indoors so it has a closed space to heat. Refuelable with coal and charcoal.</description>    
    <thingClass>Building_WorkTable</thingClass>
    <category>Building</category>
    <graphicData>
      <texPath>CoalStove</texPath>
      <graphicClass>Graphic_Single</graphicClass>
      <damageData>
        <rect>(0.2,0,0.6,0.1)</rect>
      </damageData>
    </graphicData>
    <rotatable>false</rotatable>
    <minifiedDef>MinifiedThing</minifiedDef>
    <thingCategories>
      <li>Buildings</li>
    </thingCategories>
    <altitudeLayer>Building</altitudeLayer>
    <passability>PassThroughOnly</passability>
    <pathCost>50</pathCost>
    <constructEffect>ConstructDirt</constructEffect>
    <tickerType>Normal</tickerType>
    <drawerType>RealtimeOnly</drawerType>
    <fillPercent>0.20</fillPercent>
    <statBases>
      <MaxHitPoints>75</MaxHitPoints>
      <WorkToBuild>1200</WorkToBuild>
      <Flammability>0.8</Flammability>
      <WorkTableWorkSpeedFactor>0.5</WorkTableWorkSpeedFactor>
      <Mass>28</Mass>
    </statBases>
    <selectable>true</selectable>
    <costList>
      <Steel>45</Steel> 
    </costList>
    <soundImpactDefault>BulletImpact_Ground</soundImpactDefault>
    <resourcesFractionWhenDeconstructed>0.75</resourcesFractionWhenDeconstructed>
    <placeWorkers>
      <li>PlaceWorker_Heater</li>
    </placeWorkers>
    <drawPlaceWorkersWhileSelected>true</drawPlaceWorkersWhileSelected>
    <comps>
      <li Class="CompProperties_Refuelable">
        <fuelCapacity>50</fuelCapacity>
        <fuelConsumptionRate>4</fuelConsumptionRate>
        <fuelFilter>
          <thingDefs>
            <li>Coal</li>
            <li>Charcoal</li>
          </thingDefs>
        </fuelFilter>
        <initialFuelPercent>0</initialFuelPercent>
        <autoRefuelPercent>0.33</autoRefuelPercent>
        <showAllowAutoRefuelToggle>true</showAllowAutoRefuelToggle>
      </li>
      <li Class="CompProperties_Glower">
        <glowRadius>3</glowRadius>
        <glowColor>(255,202,33,0)</glowColor>
      </li>
      <li Class="CompProperties_HeatPusher">
        <compClass>CompHeatPusherPowered</compClass>
        <heatPerSecond>21</heatPerSecond>
        <heatPushMaxTemperature>25</heatPushMaxTemperature>
      </li>
      <li Class="CompProperties_Forbiddable"/>
      <li>
        <compClass>CompGatherSpot</compClass>
      </li>
    </comps>
    <designationCategory>Temperature</designationCategory>
    <building>
      <isMealSource>false</isMealSource>
    </building>
    <researchPrerequisites>
      <li>Research_NECCoalProduction</li>
    </researchPrerequisites>
  </ThingDef>


  <ThingDef ParentName="BuildingBase">
    <defName>CoalFiredGenerator</defName>
    <label>coal-fired generator</label>
    <description>Produces power by consuming coal. Must be periodically loaded with coal by hand.</description>
    <thingClass>Building</thingClass>
    <graphicData>
      <texPath>CoalFiredGenerator</texPath>
      <graphicClass>Graphic_Single</graphicClass>
      <drawSize>(2,2)</drawSize>
      <shadowData>
        <volume>(1.93,1,1.69)</volume>
        <offset>(-0.03,0,-0.1)</offset>
      </shadowData>
    </graphicData>
    <altitudeLayer>Building</altitudeLayer>
    <passability>PassThroughOnly</passability>
    <pathCost>150</pathCost>
    <blockWind>true</blockWind>
    <fillPercent>1.0</fillPercent>
    <castEdgeShadows>false</castEdgeShadows>
    <rotatable>false</rotatable>
    <statBases>
      <MaxHitPoints>350</MaxHitPoints>
      <WorkToBuild>3000</WorkToBuild>
      <Flammability>0.8</Flammability>
      <Beauty>-25</Beauty>
    </statBases>
    <tickerType>Normal</tickerType>
    <canOverlapZones>false</canOverlapZones>
    <size>(2,2)</size>
    <costList>
      <Steel>125</Steel>
      <ComponentIndustrial>2</ComponentIndustrial>
    </costList>
    <comps>
      <li Class="CompProperties_Power">
        <compClass>CompPowerPlant</compClass>
        <basePowerConsumption>-1600</basePowerConsumption>
        <transmitsPower>true</transmitsPower>
      </li>
      <li Class="CompProperties_Flickable" />
      <li Class="CompProperties_Refuelable">
        <fuelConsumptionRate>4.0</fuelConsumptionRate>
        <fuelCapacity>50.0</fuelCapacity>
        <fuelFilter>
          <thingDefs>
            <li>Coal</li>
            <li>Charcoal</li>
          </thingDefs>
        </fuelFilter>
        <initialFuelPercent>0</initialFuelPercent>
        <autoRefuelPercent>0.33</autoRefuelPercent>
        <showAllowAutoRefuelToggle>true</showAllowAutoRefuelToggle>
      </li>
      <li Class="CompProperties_Glower">
        <glowRadius>6</glowRadius>
        <glowColor>(255,202,33,0)</glowColor>
      </li>
      <li Class="CompProperties_HeatPusher">
        <compClass>CompHeatPusherPowered</compClass>
        <heatPerSecond>10</heatPerSecond>
      </li>
      <li Class="CompProperties_Breakdownable"/>
    </comps>
    <terrainAffordanceNeeded>Heavy</terrainAffordanceNeeded>
    <designationCategory>Power</designationCategory>
    <constructEffect>ConstructMetal</constructEffect>
    <researchPrerequisites>
      <li>Research_NECCoalPowergen</li>
    </researchPrerequisites>
    <constructionSkillPrerequisite>5</constructionSkillPrerequisite>
  </ThingDef>

</Defs>
