<?xml version="1.0" encoding="utf-8" ?>
<Defs>

  <ThingDef ParentName="ResourceBase">
    <defName>Coal</defName>
    <label>coal</label>
    <description>A combustible black/dark-brown sedimentary rock made of long dead animals. Burned for heat and energy production.</description>
    <graphicData>
      <texPath>Coal</texPath>
      <graphicClass>Graphic_Single</graphicClass>
    </graphicData>
    <useHitPoints>false</useHitPoints>
    <soundInteract>Wood_Drop</soundInteract>
    <soundDrop>Wood_Drop</soundDrop>
    <statBases>
      <MarketValue>1.4</MarketValue>
      <Mass>0.3</Mass>
    </statBases>
    <thingCategories>
      <li>ResourcesRaw</li>
    </thingCategories>
    <deepCommonality>0.75</deepCommonality>
    <deepCountPerPortion>45</deepCountPerPortion>
    <deepLumpSizeRange>
      <min>28</min>
      <max>34</max>
    </deepLumpSizeRange>
  </ThingDef>
  
  <ThingDef ParentName="ResourceBase">
    <defName>Charcoal</defName>
    <label>charcoal</label>
    <description>A lightweight black carbon-ash residue made from burning wood.</description>
    <graphicData>
      <texPath>Charcoal</texPath>
      <graphicClass>Graphic_Single</graphicClass>
    </graphicData>
    <useHitPoints>false</useHitPoints>
    <soundInteract>Wood_Drop</soundInteract>
    <soundDrop>Wood_Drop</soundDrop>
    <statBases>
      <MarketValue>1.3</MarketValue>
      <Mass>0.3</Mass>
    </statBases>
    <thingCategories>
      <li>ResourcesRaw</li>
    </thingCategories>
  </ThingDef>
  
</Defs>